{"files": [{"path": "c/0008-Cyuyanbiaozhunku/0001-assert.h:zhenduan.md", "rname": "0001-assert.h:\u8bca\u65ad.md", "mtime": 1448896504.0, "mode": "file", "name": "0001-assert.h:zhenduan.md"}, {"path": "c/0008-Cyuyanbiaozhunku/0002-ctype.h:zifuleibieceshi.md", "rname": "0002-ctype.h:\u5b57\u7b26\u7c7b\u522b\u6d4b\u8bd5.md", "mtime": 1448896504.0, "mode": "file", "name": "0002-ctype.h:zifuleibieceshi.md"}, {"path": "c/0008-Cyuyanbiaozhunku/0003-errno.h:cuowuchuli.md", "rname": "0003-errno.h:\u9519\u8bef\u5904\u7406.md", "mtime": 1450676865.0, "mode": "file", "name": "0003-errno.h:cuowuchuli.md"}, {"path": "c/0008-Cyuyanbiaozhunku/0004-limits.h:zhengxingchangliang.md", "rname": "0004-limits.h:\u6574\u578b\u5e38\u91cf.md", "mtime": 1448896504.0, "mode": "file", "name": "0004-limits.h:zhengxingchangliang.md"}, {"path": "c/0008-Cyuyanbiaozhunku/0005-locale.h:diyuhuanjing.md", "rname": "0005-locale.h:\u5730\u57df\u73af\u5883.md", "mtime": 1450676881.0, "mode": "file", "name": "0005-locale.h:diyuhuanjing.md"}, {"path": "c/0008-Cyuyanbiaozhunku/0006-math.h:shuxuehanshu.md", "rname": "0006-math.h:\u6570\u5b66\u51fd\u6570.md", "mtime": 1448896504.0, "mode": "file", "name": "0006-math.h:shuxuehanshu.md"}, {"path": "c/0008-Cyuyanbiaozhunku/0007-setjmp.h:feijubutiaozhuan.md", "rname": "0007-setjmp.h:\u975e\u5c40\u90e8\u8df3\u8f6c.md", "mtime": 1448896504.0, "mode": "file", "name": "0007-setjmp.h:feijubutiaozhuan.md"}, {"path": "c/0008-Cyuyanbiaozhunku/0008-stdarg.h:kebiancanshubiao.md", "rname": "0008-stdarg.h:\u53ef\u53d8\u53c2\u6570\u8868.md", "mtime": 1450676899.0, "mode": "file", "name": "0008-stdarg.h:kebiancanshubiao.md"}, {"path": "c/0008-Cyuyanbiaozhunku/0009-stddef.h:gonggongdingyi.md", "rname": "0009-stddef.h:\u516c\u5171\u5b9a\u4e49.md", "mtime": 1450676918.0, "mode": "file", "name": "0009-stddef.h:gonggongdingyi.md"}, {"path": "c/0008-Cyuyanbiaozhunku/0010-stdio.h:shurushuchu.md", "rname": "0010-stdio.h:\u8f93\u5165\u8f93\u51fa.md", "mtime": 1448896504.0, "mode": "file", "name": "0010-stdio.h:shurushuchu.md"}, {"path": "c/0008-Cyuyanbiaozhunku/0011-<stdlib.h>:shiyonghanshu.md", "rname": "0011-<stdlib.h>:\u5b9e\u7528\u51fd\u6570.md", "mtime": 1448896504.0, "mode": "file", "name": "0011-<stdlib.h>:shiyonghanshu.md"}, {"path": "c/0008-Cyuyanbiaozhunku/0012-time.h:riqiyushijianhanshu.md", "rname": "0012-time.h:\u65e5\u671f\u4e0e\u65f6\u95f4\u51fd\u6570.md", "mtime": 1448896504.0, "mode": "file", "name": "0012-time.h:riqiyushijianhanshu.md"}, {"path": "c/0008-Cyuyanbiaozhunku/0013-signal.h:xinhao.md", "rname": "0013-signal.h:\u4fe1\u53f7.md", "mtime": 1450676928.0, "mode": "file", "name": "0013-signal.h:xinhao.md"}], "rname": "0008-C\u8bed\u8a00\u6807\u51c6\u5e93", "name": "0008-Cyuyanbiaozhunku", "mode": "tree", "mtime": 1448821236.0, "path": "c/0008-Cyuyanbiaozhunku"}