{"files": [{"path": "c/0010-zifuchulihanshu/0001-isalnum:jianchazifushifoushizimuhuoshuzi.md", "rname": "0001-isalnum:\u68c0\u67e5\u5b57\u7b26\u662f\u5426\u662f\u5b57\u6bcd\u6216\u6570\u5b57.md", "mtime": 1450677688.0, "mode": "file", "name": "0001-isalnum:jianchazifushifoushizimuhuoshuzi.md"}, {"path": "c/0010-zifuchulihanshu/0002-isalpha:jianchazifushifoushizimu.md", "rname": "0002-isalpha:\u68c0\u67e5\u5b57\u7b26\u662f\u5426\u662f\u5b57\u6bcd.md", "mtime": 1450677681.0, "mode": "file", "name": "0002-isalpha:jianchazifushifoushizimu.md"}, {"path": "c/0010-zifuchulihanshu/0003-isascii:jianchazifushifoushiASCIIma.md", "rname": "0003-isascii:\u68c0\u67e5\u5b57\u7b26\u662f\u5426\u662fASCII\u7801.md", "mtime": 1450677678.0, "mode": "file", "name": "0003-isascii:jianchazifushifoushiASCIIma.md"}, {"path": "c/0010-zifuchulihanshu/0004-iscntrl:jianchazifushifoushikongzhizifu.md", "rname": "0004-iscntrl:\u68c0\u67e5\u5b57\u7b26\u662f\u5426\u662f\u63a7\u5236\u5b57\u7b26.md", "mtime": 1450677675.0, "mode": "file", "name": "0004-iscntrl:jianchazifushifoushikongzhizifu.md"}, {"path": "c/0010-zifuchulihanshu/0005-isdigit:jianchazifushifoushishuzizifu.md", "rname": "0005-isdigit:\u68c0\u67e5\u5b57\u7b26\u662f\u5426\u662f\u6570\u5b57\u5b57\u7b26.md", "mtime": 1450677672.0, "mode": "file", "name": "0005-isdigit:jianchazifushifoushishuzizifu.md"}, {"path": "c/0010-zifuchulihanshu/0006-isgraph:jianchazifushifoushikedayinzifu\uff08buhankongge\uff09.md", "rname": "0006-isgraph:\u68c0\u67e5\u5b57\u7b26\u662f\u5426\u662f\u53ef\u6253\u5370\u5b57\u7b26\uff08\u4e0d\u542b\u7a7a\u683c\uff09.md", "mtime": 1450677705.0, "mode": "file", "name": "0006-isgraph:jianchazifushifoushikedayinzifu\uff08buhankongge\uff09.md"}, {"path": "c/0010-zifuchulihanshu/0007-islower:jianchazifushifoushixiaoxiezimu.md", "rname": "0007-islower:\u68c0\u67e5\u5b57\u7b26\u662f\u5426\u662f\u5c0f\u5199\u5b57\u6bcd.md", "mtime": 1450677711.0, "mode": "file", "name": "0007-islower:jianchazifushifoushixiaoxiezimu.md"}, {"path": "c/0010-zifuchulihanshu/0008-isprint:jianchazifushifoushikedayinzifu\uff08hankongge\uff09.md", "rname": "0008-isprint:\u68c0\u67e5\u5b57\u7b26\u662f\u5426\u662f\u53ef\u6253\u5370\u5b57\u7b26\uff08\u542b\u7a7a\u683c\uff09.md", "mtime": 1450677714.0, "mode": "file", "name": "0008-isprint:jianchazifushifoushikedayinzifu\uff08hankongge\uff09.md"}, {"path": "c/0010-zifuchulihanshu/0009-ispunct:jianchazifushifoushibiaodianzifu.md", "rname": "0009-ispunct:\u68c0\u67e5\u5b57\u7b26\u662f\u5426\u662f\u6807\u70b9\u5b57\u7b26.md", "mtime": 1450677584.0, "mode": "file", "name": "0009-ispunct:jianchazifushifoushibiaodianzifu.md"}, {"path": "c/0010-zifuchulihanshu/0010-isspace:jianchazifushifoushikonggefu.md", "rname": "0010-isspace:\u68c0\u67e5\u5b57\u7b26\u662f\u5426\u662f\u7a7a\u683c\u7b26.md", "mtime": 1450677574.0, "mode": "file", "name": "0010-isspace:jianchazifushifoushikonggefu.md"}, {"path": "c/0010-zifuchulihanshu/0011-isupper:jianchazifushifoushidaxiezimu.md", "rname": "0011-isupper:\u68c0\u67e5\u5b57\u7b26\u662f\u5426\u662f\u5927\u5199\u5b57\u6bcd.md", "mtime": 1450677718.0, "mode": "file", "name": "0011-isupper:jianchazifushifoushidaxiezimu.md"}, {"path": "c/0010-zifuchulihanshu/0012-isxdigit:jianchazifushifoushishiliujinzhishuzizifu.md", "rname": "0012-isxdigit:\u68c0\u67e5\u5b57\u7b26\u662f\u5426\u662f\u5341\u516d\u8fdb\u5236\u6570\u5b57\u5b57\u7b26.md", "mtime": 1450677721.0, "mode": "file", "name": "0012-isxdigit:jianchazifushifoushishiliujinzhishuzizifu.md"}, {"path": "c/0010-zifuchulihanshu/0013-toascii:jiangzifuzhuanhuanweiASCIIma.md", "rname": "0013-toascii:\u5c06\u5b57\u7b26\u8f6c\u6362\u4e3aASCII\u7801.md", "mtime": 1450677658.0, "mode": "file", "name": "0013-toascii:jiangzifuzhuanhuanweiASCIIma.md"}, {"path": "c/0010-zifuchulihanshu/0014-tolower:jiangdaxiezimuzhuanhuanweixiaoxiezimu.md", "rname": "0014-tolower:\u5c06\u5927\u5199\u5b57\u6bcd\u8f6c\u6362\u4e3a\u5c0f\u5199\u5b57\u6bcd.md", "mtime": 1450677632.0, "mode": "file", "name": "0014-tolower:jiangdaxiezimuzhuanhuanweixiaoxiezimu.md"}, {"path": "c/0010-zifuchulihanshu/0015-toupper:jiangxiaoxiezimuzhuanhuanweidaxiezimu.md", "rname": "0015-toupper:\u5c06\u5c0f\u5199\u5b57\u6bcd\u8f6c\u6362\u4e3a\u5927\u5199\u5b57\u6bcd.md", "mtime": 1450677725.0, "mode": "file", "name": "0015-toupper:jiangxiaoxiezimuzhuanhuanweidaxiezimu.md"}], "rname": "0010-\u5b57\u7b26\u5904\u7406\u51fd\u6570", "name": "0010-zifuchulihanshu", "mode": "tree", "mtime": 1448821236.0, "path": "c/0010-zifuchulihanshu"}