{"files": [{"path": "c/0004-liuchengkongzhi/0001-liuchengkongzhi.md", "rname": "0001-\u6d41\u7a0b\u63a7\u5236.md", "mtime": 1449070206.0, "mode": "file", "name": "0001-liuchengkongzhi.md"}, {"path": "c/0004-liuchengkongzhi/0002-tiaojiankongzhiyuju.md", "rname": "0002-\u6761\u4ef6\u63a7\u5236\u8bed\u53e5.md", "mtime": 1449070534.0, "mode": "file", "name": "0002-tiaojiankongzhiyuju.md"}, {"path": "c/0004-liuchengkongzhi/0003-switchyuju.md", "rname": "0003-switch\u8bed\u53e5.md", "mtime": 1449070823.0, "mode": "file", "name": "0003-switchyuju.md"}, {"path": "c/0004-liuchengkongzhi/0004-xunhuankongzhiyuju-foryuju.md", "rname": "0004-\u5faa\u73af\u63a7\u5236\u8bed\u53e5-for\u8bed\u53e5.md", "mtime": 1449070886.0, "mode": "file", "name": "0004-xunhuankongzhiyuju-foryuju.md"}, {"path": "c/0004-liuchengkongzhi/0005-whileyuju.md", "rname": "0005-while\u8bed\u53e5.md", "mtime": 1449070914.0, "mode": "file", "name": "0005-whileyuju.md"}, {"path": "c/0004-liuchengkongzhi/0006-do-whileyuju.md", "rname": "0006-do-while\u8bed\u53e5.md", "mtime": 1449070940.0, "mode": "file", "name": "0006-do-whileyuju.md"}, {"path": "c/0004-liuchengkongzhi/0007-xunhuandiqiantao.md", "rname": "0007-\u5faa\u73af\u7684\u5d4c\u5957.md", "mtime": 1449070989.0, "mode": "file", "name": "0007-xunhuandiqiantao.md"}, {"path": "c/0004-liuchengkongzhi/0008-goto\u3001breakhecontinueyuju.md", "rname": "0008-goto\u3001break\u548ccontinue\u8bed\u53e5.md", "mtime": 1449071089.0, "mode": "file", "name": "0008-goto\u3001breakhecontinueyuju.md"}], "rname": "0004-\u6d41\u7a0b\u63a7\u5236", "name": "0004-liuchengkongzhi", "mode": "tree", "mtime": 1448821236.0, "path": "c/0004-liuchengkongzhi"}