{"files": [{"path": "c/0001-Cyuyanjichu/0001-Cyuyanjianjie.md", "rname": "0001-C\u8bed\u8a00\u7b80\u4ecb.md", "mtime": 1448896504.0, "mode": "file", "name": "0001-Cyuyanjianjie.md"}, {"path": "c/0001-Cyuyanjichu/0002-Cyuyantedian.md", "rname": "0002-C\u8bed\u8a00\u7279\u70b9.md", "mtime": 1448898359.0, "mode": "file", "name": "0002-Cyuyantedian.md"}, {"path": "c/0001-Cyuyanjichu/0003-Cyuyanchengxujiegou.md", "rname": "0003-C\u8bed\u8a00\u7a0b\u5e8f\u7ed3\u6784.md", "mtime": 1448898242.0, "mode": "file", "name": "0003-Cyuyanchengxujiegou.md"}], "rname": "0001-C\u8bed\u8a00\u57fa\u7840", "name": "0001-Cyuyanjichu", "mode": "tree", "mtime": 1448821236.0, "path": "c/0001-Cyuyanjichu"}