{"files": [{"path": "c/0003-jibenyujuyushurushuchu/0001-Cyuyanyujugaishu.md", "rname": "0001-C\u8bed\u8a00\u8bed\u53e5\u6982\u8ff0.md", "mtime": 1448952948.0, "mode": "file", "name": "0001-Cyuyanyujugaishu.md"}, {"path": "c/0003-jibenyujuyushurushuchu/0002-shujudishuchu.md", "rname": "0002-\u6570\u636e\u7684\u8f93\u51fa.md", "mtime": 1448953005.0, "mode": "file", "name": "0002-shujudishuchu.md"}, {"path": "c/0003-jibenyujuyushurushuchu/0003-shujudishuru.md", "rname": "0003-\u6570\u636e\u7684\u8f93\u5165.md", "mtime": 1448953069.0, "mode": "file", "name": "0003-shujudishuru.md"}], "rname": "0003-\u57fa\u672c\u8bed\u53e5\u4e0e\u8f93\u5165\u8f93\u51fa", "name": "0003-jibenyujuyushurushuchu", "mode": "tree", "mtime": 1448821236.0, "path": "c/0003-jibenyujuyushurushuchu"}